Region,Year,LPI,LPI_upper,LPI_lower
Africa,1970,100.0,100.0,100.0
Africa,1971,94.004613,103.67786,86.47847
Africa,1972,89.996994,105.99841,77.636576
Africa,1973,89.674807,109.67456,74.525344
Africa,1974,85.61314,109.10656,67.872155
Africa,1975,79.87522,107.55627,59.519064
Africa,1976,73.681283,105.57765,51.21531
Africa,1977,68.55669599999999,102.30387,45.856735
Africa,1978,63.46199,97.801065,41.300282
Africa,1979,61.046195,98.52561,37.959984000000006
Africa,1980,61.535764,105.41127,36.1236
Africa,1981,64.33878,114.8395,36.375925
Africa,1982,62.54752,114.23649,34.717086
Africa,1983,60.94884,111.78066,33.728993
Africa,1984,57.786286,106.2509,31.87623
Africa,1985,54.21002,100.20068,29.702437
Africa,1986,50.9055,94.659775,27.644170000000003
Africa,1987,48.512694,90.78437,26.075930000000003
Africa,1988,46.974334,88.48914,25.146198
Africa,1989,45.379722,86.04856,24.23286
Africa,1990,43.616715,83.13535,23.154394
Africa,1991,42.95254,82.305026,22.641376
Africa,1992,43.475807,83.721936,22.714485
Africa,1993,43.948746,85.25987,22.794339
Africa,1994,44.49087,87.306833,22.81294
Africa,1995,44.059843,87.331957,22.427095
Africa,1996,43.973678,87.73531,22.282863
Africa,1997,43.074483,86.01516000000001,21.8147
Africa,1998,42.116538,84.01783,21.278445
Africa,1999,41.479552,82.84506,20.922288
Africa,2000,40.746465,81.522363,20.531979
Africa,2001,39.108196,78.84755,19.589019
Africa,2002,37.214458,75.62147999999999,18.52329
Africa,2003,35.666746,73.148537,17.585754
Africa,2004,34.566408,71.24281,16.924919
Africa,2005,33.269107,69.08185999999999,16.122182
Africa,2006,32.03177,66.88021400000001,15.417819
Africa,2007,32.009086,67.16938,15.344945
Africa,2008,32.298052,67.71928,15.464692
Africa,2009,32.467926000000006,68.22785,15.528197999999998
Africa,2010,31.544983,66.406804,15.069509
Africa,2011,30.375797,64.143234,14.504717
Africa,2012,29.082093,61.41772,13.882273
Africa,2013,28.170413,59.51395,13.459119
Africa,2014,26.960373,57.083850000000005,12.8907
Africa,2015,26.04717,55.269647,12.404774
Africa,2016,25.596067,54.444873,12.148656
Africa,2017,25.551108,54.49539,12.073449
Africa,2018,25.256574,53.997785,11.910944
Africa,2019,24.632017,52.640414,11.588701
Africa,2020,23.96703,51.069075,11.2514675
Asia and Pacific,1970,100.0,100.0,100.0
Asia and Pacific,1971,103.67014,109.47583,99.857605
Asia and Pacific,1972,105.45609,114.56958,99.2284
Asia and Pacific,1973,106.37546,116.35312,99.042416
Asia and Pacific,1974,107.30608,117.88788,99.29126
Asia and Pacific,1975,108.42007,119.52136,99.85553
Asia and Pacific,1976,107.95983,119.40916,99.06394
Asia and Pacific,1977,106.00847,117.61703,96.93238
Asia and Pacific,1978,103.8813,115.62893,94.64202
Asia and Pacific,1979,102.26315,114.1453,92.888796
Asia and Pacific,1980,101.17104,113.24356,91.60987
Asia and Pacific,1981,99.900275,112.09414,90.06607
Asia and Pacific,1982,98.06892,110.2777,88.05967
Asia and Pacific,1983,95.40395,107.56749,85.37002
Asia and Pacific,1984,93.619156,106.72512,82.811826
Asia and Pacific,1985,93.40339,108.32638,81.15850999999999
Asia and Pacific,1986,94.81911,113.22141,80.31374
Asia and Pacific,1987,95.18263,116.10953,79.192847
Asia and Pacific,1988,94.774324,117.61899,77.78521
Asia and Pacific,1989,93.577194,116.84058,76.32293999999999
Asia and Pacific,1990,90.70645,114.5702,73.153824
Asia and Pacific,1991,87.318444,111.8993,69.55493
Asia and Pacific,1992,83.626175,108.72444000000002,65.65954699999999
Asia and Pacific,1993,79.48206,104.41961,61.76587
Asia and Pacific,1994,76.156116,101.03317,58.486366
Asia and Pacific,1995,72.777075,97.607833,55.14763000000001
Asia and Pacific,1996,71.23953,96.35527,53.36959
Asia and Pacific,1997,68.88039,93.92285,51.06280399999999
Asia and Pacific,1998,66.21564,90.9207,48.693627
Asia and Pacific,1999,63.25674,87.43254999999999,46.180665
Asia and Pacific,2000,60.836875,84.53049700000001,44.153407
Asia and Pacific,2001,59.460074,83.03233399999999,43.010604
Asia and Pacific,2002,59.40582,83.218604,42.947298
Asia and Pacific,2003,59.789217,83.91807999999999,43.122348
Asia and Pacific,2004,59.64404,84.05449,42.785895
Asia and Pacific,2005,57.462436,81.37725999999999,40.99198
Asia and Pacific,2006,54.030377,77.179766,38.320583
Asia and Pacific,2007,49.774006,71.47019999999999,35.142812
Asia and Pacific,2008,46.577755,67.28805,32.710785
Asia and Pacific,2009,43.547058,63.20089,30.370304
Asia and Pacific,2010,42.038888,61.53361,29.038098
Asia and Pacific,2011,40.70394,60.29845,27.806926
Asia and Pacific,2012,40.625206000000006,60.90478,27.48775
Asia and Pacific,2013,42.730197,65.05145,28.516975
Asia and Pacific,2014,45.025682,69.36964,29.657936000000003
Asia and Pacific,2015,47.193745,73.76045,30.619398
Asia and Pacific,2016,45.737422,72.21392,29.359853
Asia and Pacific,2017,45.325962,72.19799,28.810632
Asia and Pacific,2018,43.19193,69.18523,27.24422
Asia and Pacific,2019,41.926342,67.602247,26.193655
Asia and Pacific,2020,39.603937,64.33672,24.470407
Europe and Central Asia,1970,100.0,100.0,100.0
Europe and Central Asia,1971,101.56176,104.97311,98.64034
Europe and Central Asia,1972,103.28828,108.97548,98.400074
Europe and Central Asia,1973,105.34041,112.16738,99.39167
Europe and Central Asia,1974,107.97343,116.07008,100.90113
Europe and Central Asia,1975,110.22451,119.48347,102.0718
Europe and Central Asia,1976,111.41124,121.77454,102.13884
Europe and Central Asia,1977,111.57061,122.80009,101.41228
Europe and Central Asia,1978,111.54102,123.44745,100.65097
Europe and Central Asia,1979,111.60548,123.94941,100.37165
Europe and Central Asia,1980,111.79069,124.45517,100.22746
Europe and Central Asia,1981,112.12618,125.13523,100.27862
Europe and Central Asia,1982,113.51088,127.14566,101.2205
Europe and Central Asia,1983,113.3673,127.69225,100.55945
Europe and Central Asia,1984,114.1202,129.32388,100.62209
Europe and Central Asia,1985,113.89959,129.69565,99.86242
Europe and Central Asia,1986,115.30493,131.66134,100.76907
Europe and Central Asia,1987,117.54643,134.59896,102.41672
Europe and Central Asia,1988,121.60263,139.65985999999998,105.53946
Europe and Central Asia,1989,125.94025,145.01836,108.95714999999998
Europe and Central Asia,1990,128.22378,147.94312,110.60266
Europe and Central Asia,1991,127.48061,147.38420000000002,109.74529
Europe and Central Asia,1992,124.86655,144.62768,107.22907
Europe and Central Asia,1993,120.48862,139.99493,103.15471
Europe and Central Asia,1994,115.75325,135.09933999999998,98.67914
Europe and Central Asia,1995,111.52333000000002,130.9034,94.56682
Europe and Central Asia,1996,107.80377,127.0404,90.97908
Europe and Central Asia,1997,105.13825,124.27694,88.375956
Europe and Central Asia,1998,102.20506,121.16762,85.686475
Europe and Central Asia,1999,99.69385,118.67052,83.39102
Europe and Central Asia,2000,97.26542,116.14734,81.17603700000001
Europe and Central Asia,2001,94.505,113.29645,78.62312
Europe and Central Asia,2002,92.2821,111.08717,76.41425
Europe and Central Asia,2003,90.27464,109.19391,74.46172
Europe and Central Asia,2004,89.25807999999999,108.36537,73.40643999999999
Europe and Central Asia,2005,88.5537,107.81058,72.660047
Europe and Central Asia,2006,87.97756,107.38158,71.973014
Europe and Central Asia,2007,87.366354,106.92914,71.2278
Europe and Central Asia,2008,86.272573,106.28055,69.788
Europe and Central Asia,2009,85.77246699999999,106.77669,68.56195000000001
Europe and Central Asia,2010,85.353625,107.58275,67.25879
Europe and Central Asia,2011,81.81786,104.50222,63.790214
Europe and Central Asia,2012,76.98188,99.68112,59.36946
Europe and Central Asia,2013,71.37844,93.736774,54.39569
Europe and Central Asia,2014,70.045346,93.74993,52.58895999999999
Europe and Central Asia,2015,68.17219,93.00437,50.441563
Europe and Central Asia,2016,66.20193,91.7909,48.377937
Europe and Central Asia,2017,63.67363,88.80666000000001,46.180130000000005
Europe and Central Asia,2018,62.69671,87.512994,45.360324
Europe and Central Asia,2019,63.46793,88.614464,45.879757
Europe and Central Asia,2020,64.715004,90.37199,46.752137
Freshwater,1970,100.0,100.0,100.0
Freshwater,1971,99.466056,105.25144,94.74282
Freshwater,1972,98.52717,107.6341,90.97408
Freshwater,1973,97.939116,108.15033,89.24651999999999
Freshwater,1974,94.87049,106.21645,85.179925
Freshwater,1975,90.887773,103.65808,79.98491
Freshwater,1976,86.56383,100.58485,74.603426
Freshwater,1977,82.577896,97.131777,70.245403
Freshwater,1978,78.73241300000001,93.45014,66.33304
Freshwater,1979,75.95674,91.292965,63.05116
Freshwater,1980,74.02299,90.5782,60.19684
Freshwater,1981,72.97171,90.479785,58.37153000000001
Freshwater,1982,70.101494,87.59233400000001,55.640405
Freshwater,1983,66.945815,83.8559,52.98921
Freshwater,1984,63.83722,80.36668,50.369644
Freshwater,1985,61.14769,77.608806,47.911176
Freshwater,1986,59.06305,75.66067600000001,45.960218000000005
Freshwater,1987,56.518734,73.00162300000001,43.653455
Freshwater,1988,53.848714,70.03401500000001,41.375357
Freshwater,1989,51.729435,67.583334,39.568967
Freshwater,1990,49.232572000000005,64.59233,37.520882
Freshwater,1991,47.23513,62.2397,35.784158
Freshwater,1992,45.171323,59.893125000000005,34.040955000000004
Freshwater,1993,43.15753,57.582074000000006,32.341187999999995
Freshwater,1994,40.99806,54.99923,30.59935
Freshwater,1995,38.219362,51.462716,28.407916
Freshwater,1996,36.620688,49.534264,27.10934
Freshwater,1997,34.177765,46.50661,25.199506
Freshwater,1998,31.9803,43.739018,23.464794
Freshwater,1999,29.701427,40.78633,21.69364
Freshwater,2000,28.348047,39.044443,20.606549
Freshwater,2001,27.037767,37.42447,19.559398
Freshwater,2002,25.74576,35.83897,18.528287
Freshwater,2003,24.708813,34.65816,17.6736
Freshwater,2004,23.750272,33.571196,16.887097
Freshwater,2005,22.809732,32.466483000000004,16.093716
Freshwater,2006,21.496353000000003,30.737883,15.078409
Freshwater,2007,20.477219,29.449975,14.259061
Freshwater,2008,19.42143,28.13189,13.446958
Freshwater,2009,18.544841,27.079186,12.744154
Freshwater,2010,17.565557000000002,25.92035,11.964923
Freshwater,2011,16.353666999999998,24.336386,11.036079
Freshwater,2012,15.41621,23.126236,10.310328
Freshwater,2013,15.310742,23.042062,10.198199
Freshwater,2014,15.783352,23.846917,10.488863
Freshwater,2015,16.220301,24.586739,10.75936
Freshwater,2016,16.004752,24.309528,10.595112
Freshwater,2017,15.89659,24.194585,10.510856
Freshwater,2018,15.773053,24.034216,10.421389
Freshwater,2019,15.531171999999998,23.702434,10.273268
Freshwater,2020,14.783052,22.584148000000003,9.7944334
Latin America and the Caribbean,1970,100.0,100.0,100.0
Latin America and the Caribbean,1971,101.00716,104.10949,98.41203
Latin America and the Caribbean,1972,99.45676,106.13146,93.573266
Latin America and the Caribbean,1973,95.00664,105.17311,85.83889599999999
Latin America and the Caribbean,1974,89.129627,102.99206999999998,76.63172499999999
Latin America and the Caribbean,1975,82.74603499999999,98.845005,68.61408
Latin America and the Caribbean,1976,77.16729,94.42616,62.51169
Latin America and the Caribbean,1977,71.91493,88.87658,57.83889
Latin America and the Caribbean,1978,68.224823,84.76329,54.74471
Latin America and the Caribbean,1979,65.98164,82.41566999999999,52.813953000000005
Latin America and the Caribbean,1980,63.43763,79.61504000000001,50.652254
Latin America and the Caribbean,1981,60.964894,76.79155,48.473987
Latin America and the Caribbean,1982,56.798995,71.93925,44.821763
Latin America and the Caribbean,1983,52.26195500000001,66.569215,40.875345
Latin America and the Caribbean,1984,48.506236,62.246484,37.565857
Latin America and the Caribbean,1985,46.00974,59.313744,35.38618
Latin America and the Caribbean,1986,43.925965,56.88592,33.576077
Latin America and the Caribbean,1987,41.303524,53.78197,31.42669
Latin America and the Caribbean,1988,38.98485,51.02106,29.52322
Latin America and the Caribbean,1989,37.020263,48.63389,27.97011
Latin America and the Caribbean,1990,35.569572,46.8732,26.823467
Latin America and the Caribbean,1991,34.132442000000005,45.032108,25.710654
Latin America and the Caribbean,1992,32.499528,42.954782,24.431415
Latin America and the Caribbean,1993,30.347800000000003,40.22976,22.727378
Latin America and the Caribbean,1994,28.054798,37.34429,20.92486
Latin America and the Caribbean,1995,25.8467,34.527390000000004,19.220512
Latin America and the Caribbean,1996,24.747573,33.14486,18.344122
Latin America and the Caribbean,1997,23.336671,31.381455000000003,17.249440999999997
Latin America and the Caribbean,1998,21.812765,29.533530000000003,16.011396
Latin America and the Caribbean,1999,19.95835,27.219638000000003,14.557816
Latin America and the Caribbean,2000,19.016159,26.11951,13.778743
Latin America and the Caribbean,2001,18.458152,25.514263,13.30605
Latin America and the Caribbean,2002,17.764032,24.755512,12.730238
Latin America and the Caribbean,2003,16.717969,23.513713,11.887056
Latin America and the Caribbean,2004,15.834408,22.500454,11.16257
Latin America and the Caribbean,2005,15.409875,22.153673,10.751541
Latin America and the Caribbean,2006,15.119104,21.938896,10.431736
Latin America and the Caribbean,2007,14.422368999999998,21.204594,9.833661
Latin America and the Caribbean,2008,13.092011,19.457492,8.802731
Latin America and the Caribbean,2009,11.1881,16.914700999999997,7.402469
Latin America and the Caribbean,2010,9.4993964,14.578323,6.180943
Latin America and the Caribbean,2011,8.084096,12.643512,5.1746633
Latin America and the Caribbean,2012,7.323765,11.6158985,4.634344
Latin America and the Caribbean,2013,6.918912000000001,11.055605,4.3535337
Latin America and the Caribbean,2014,6.663473000000001,10.695252,4.179081
Latin America and the Caribbean,2015,6.525281,10.489141,4.076643
Latin America and the Caribbean,2016,5.97616,9.739527,3.676321
Latin America and the Caribbean,2017,5.5900894,9.517395,3.300528
Latin America and the Caribbean,2018,5.621798699999999,10.154877,3.1272035
Latin America and the Caribbean,2019,5.7098597,10.694054,3.0585924
Latin America and the Caribbean,2020,5.377315,10.206671,2.8329503
North America,1970,100.0,100.0,100.0
North America,1971,99.518985,105.29366,95.099944
North America,1972,97.91978,108.01061,90.42873
North America,1973,95.73132,108.67143,86.5427
North America,1974,91.89177,104.81436,82.405466
North America,1975,89.91088,103.06742,80.09464
North America,1976,89.314854,102.92424,78.98818
North America,1977,89.9167,104.46526,78.71918
North America,1978,90.695524,106.3675,78.30669999999999
North America,1979,91.205144,107.90823,77.85505
North America,1980,91.358733,108.77844,77.354676
North America,1981,91.43845,109.23765,77.10903
North America,1982,91.13525,109.28298,76.58759
North America,1983,90.957445,109.65797,76.08235
North America,1984,90.03016000000001,109.25882,74.96255
North America,1985,89.89684,109.7022,74.44145
North America,1986,89.44456,109.62118,73.72708999999999
North America,1987,88.58817,108.9242,72.73995
North America,1988,87.6093,108.02797,71.68628
North America,1989,85.875744,106.24365,69.95405
North America,1990,85.06336,105.58866,69.00129
North America,1991,83.289903,103.738,67.312616
North America,1992,83.01433,103.74209,66.89699
North America,1993,83.00382499999999,104.02765,66.65404000000001
North America,1994,83.59228,105.17985,66.879445
North America,1995,81.87896,103.4384,65.228313
North America,1996,79.80807399999999,101.37923,63.27689
North America,1997,77.850854,99.392354,61.36907299999999
North America,1998,75.9126,97.48167,59.53518
North America,1999,74.187624,95.75059,57.96633
North America,2000,72.710913,94.35578,56.55965
North America,2001,71.56855,93.304944,55.379003
North America,2002,71.810484,94.27451,55.1211
North America,2003,72.29514999999999,95.55068,55.06054
North America,2004,73.93665,98.28551,55.924110000000006
North America,2005,73.84296,98.758054,55.52636
North America,2006,73.64116299999999,99.0331,55.12054
North America,2007,73.413026,99.22538,54.688394
North America,2008,73.19164,99.24884,54.342383000000005
North America,2009,72.78037,99.07809,53.75991
North America,2010,72.07213,98.60414,53.030676
North America,2011,71.83682300000001,98.56849,52.636987000000005
North America,2012,70.69316,97.48509,51.549035
North America,2013,69.847405,96.694535,50.62183
North America,2014,69.22380299999999,96.270025,49.837613
North America,2015,69.80753,97.210073,50.08576
North America,2016,69.36165,96.84109,49.605286
North America,2017,68.66212,96.21347,48.981172
North America,2018,66.51272,93.616486,47.361547
North America,2019,64.22505,90.66618,45.685416
North America,2020,60.95505,86.24542,43.291467
World,1970,100.0,100.0,100.0
World,1971,99.406844,101.59934,97.358286
World,1972,98.14285,101.83257,94.61055
World,1973,96.61677,101.14101,92.208695
World,1974,94.809854,100.25399,89.58937999999999
World,1975,92.655015,98.937094,86.78831500000001
World,1976,89.991647,96.91421,83.68637
World,1977,86.367744,93.390256,79.97391
World,1978,82.86782000000001,89.899683,76.46518
World,1979,80.259967,87.47364,73.666024
World,1980,78.43339,85.9839,71.546197
World,1981,77.014565,84.86694700000001,69.877255
World,1982,74.73171400000001,82.62671999999999,67.60401999999999
World,1983,72.17754,80.02931,65.15689
World,1984,69.707686,77.48042000000001,62.77902
World,1985,67.67479,75.47232000000001,60.769224
World,1986,66.16929999999999,73.98204,59.270376
World,1987,64.42259,72.228897,57.558960000000006
World,1988,62.67535,70.365506,55.85408
World,1989,61.357963000000005,68.98210999999999,54.568404
World,1990,60.09213,67.74154300000001,53.296600000000005
World,1991,58.816165,66.497713,52.00585
World,1992,57.28322,64.97869,50.5043
World,1993,55.24195400000001,62.799525,48.570102
World,1994,53.247344,60.675395,46.72641
World,1995,51.149136,58.432174,44.77669
World,1996,50.24958,57.51728000000001,43.90801
World,1997,48.92235,56.10058,42.653722
World,1998,47.500777,54.56759,41.331363
World,1999,45.67586,52.53559,39.681676
World,2000,44.373488,51.088710000000006,38.475
World,2001,43.125597,49.715665,37.24875
World,2002,42.013386,48.545527,36.136833
World,2003,40.928477,47.428122,35.077903
World,2004,39.984033,46.452475,34.19829
World,2005,38.86755,45.30568,33.149043
World,2006,37.449524,43.797645,31.81733
World,2007,35.952893,42.204708,30.440766000000004
World,2008,34.355253000000005,40.417475,29.00488
World,2009,32.711408,38.58463,27.55194
World,2010,31.09998,36.781594,26.105030000000003
World,2011,29.6028,35.115495,24.766229
World,2012,28.667074,34.080818,23.899113
World,2013,28.413123,33.846164,23.625319
World,2014,28.503707,34.032404,23.654816
World,2015,28.567332,34.192625,23.687129
World,2016,27.78848,33.389944,22.978655
World,2017,27.36987,33.070899999999995,22.494209
World,2018,27.097133,32.97694,22.094297
World,2019,27.327448,33.41134,22.170989
World,2020,27.134067,33.27644,21.972492
